,Expected Value,p,Beta0|Gamma|Beta
0,17.0,1,[2.64490213 2.02399913 0.50094657]
0,17.0,1,[2.69937596 4.07342513 2.65190882]
0,22.0,1,[1.09827092 1.90929036 0.75149984]
0,22.0,1,[2.20648326 1.60600815 0.12984089]
