,Expected Value,p,Beta0|Gamma|Beta
0,20.409042794205973,1,[1.82610421 3.9390467  2.81394954]
