,Expected Value,p,Beta0|Gamma|Beta
0,3.072230679201695,1,[2.15279194 5.14925689 3.06052226]
0,3.072230679201695,1,[2.15279194 5.14925689 3.06052226]
