,Expected Value,p,Beta0|Gamma|Beta
0,2.900715570486034,1,[3.06687058 0.81948915]
