,Expected Value,p,Beta0|Gamma|Beta
0,2.0669351407092775,1,[0.59804269 1.59450609 2.89200043]
0,3.9899364842108884,1,[0.15047468 4.79163922 1.75445065]
