,Expected Value,p,Beta0|Gamma|Beta
0,4.0,1,[2.09400145 3.78418521 1.15331625]
1,4.0,1,[2.36149764 4.57389003 3.06984634]
2,4.0,1,[3.09971395 1.71255393 2.13764208]
3,4.0,1,[1.49679158 3.78778229 0.25216245]
0,4.0,1,[2.75186565 3.31191721 2.46628969]
0,4.0,1,[1.08588828e+00 6.01477577e+00 4.26057583e-03]
0,4.0,1,[0.23919811 1.22255577 1.7474293 ]
0,4.0,1,[2.07321255 3.57651723 0.52689245]
