,Expected Value,p,Beta0|Gamma|Beta
0,11.0,1,[1.5468874  4.85446163 1.84472087]
0,11.0,1,[1.78777437 5.92530142 2.99111477]
0,10.0,1,[0.45197807 2.75663007 0.73935791]
0,10.0,1,[1.49504425 4.52063366 1.17954137]
