,Expected Value,p,Beta0|Gamma|Beta
0,4.889571003092901,1,[1.80182036 3.04739116 1.18591772]
0,4.889571003092901,1,[1.80182036 3.04739116 1.18591772]
